as_on_date,lpg_active_domestic_customers_lakh,lpg_coverage_pct,pmuy_beneficiaries_lakh,lpg_distributors_no,auto_lpg_dispensing_stations_no,bottling_plants_no
2014,1486,56.2,,13896,678,187
2015,1663,61.9,200.3,15930,681,187
2016,1988,72.8,356,17916,676,188
2017,2243,80.9,719,18786,675,189
2018,2654,94.3,802,20146,672,190
2019,2787,97.5,800,23737,661,192
2020,2895,99.8,899.0,24670,657,196
2021,3053,,958.6,25083,651,200
2022,3140,,1032.7,25269,601,202
2023,3242,,1033.0,25386,526,208
2024,3297,,1057.6,25481,468,210
2025,3339,,1057,25566,443,211
2026,3277,,1058,25607,364,214
2026-09-01,,,1057,25625,334,216
