state_ut,cng_stations,png_domestic,png_commercial,png_industrial
Andhra Pradesh,222,293633,756,68
"Andhra Pradesh, Karnataka & Tamil Nadu",52,18894,66,53
Assam,49,81180,1652,492
Bihar,212,284185,402,65
Bihar & Jharkhand,42,15549,36,1
Bihar & Uttar Pradesh,36,64196,0,0
"Chandigarh (UT), Haryana, Punjab & Himachal Pradesh",37,34529,290,102
Chhattisgarh,70,21956,2,22
Dadra & Nagar Haveli (UT),6,15922,80,70
Daman & Diu (UT),4,5621,146,72
Daman and Diu & Gujarat,21,12503,121,0
Goa,16,20891,124,62
Gujarat,1090,3968551,26082,5997
Haryana,576,618942,2163,3224
Haryana & Himachal Pradesh,12,820,12,5
Haryana & Punjab,31,3540,13,0
Himachal Pradesh,21,14405,73,20
Jharkhand,136,191443,394,45
Karnataka,522,619668,1067,508
Kerala,226,148452,436,52
Kerala & Puducherry,33,14490,41,0
Madhya Pradesh,385,339049,957,720
Madhya Pradesh and Chhattisgarh,9,0,0,0
Madhya Pradesh and Rajasthan,44,2897,8,0
Madhya Pradesh and Uttar Pradesh,22,105,2,5
Maharashtra,1224,4533745,6645,1427
Maharashtra & Gujarat,114,239130,48,79
Maharashtra and Madhya Pradesh,19,283,1,0
Meghalaya,4,0,0,0
National Capital Territory of Delhi (UT),459,1994439,5080,1909
Odisha,161,192425,347,12
Puducherry,11,0,0,4
Puducherry & Tamil Nadu,9,920,14,1
Punjab,264,134906,1207,416
Punjab & Rajasthan,35,41422,0,0
Rajasthan,455,516804,826,1936
Tamil Nadu,494,137414,255,157
Telangana,235,266977,273,221
Telangana and Karnataka,15,146,6,8
Tripura,30,71872,569,48
UT of Jammu and Kashmir,3,0,0,0
Uttar Pradesh,1297,2314764,4693,4406
Uttar Pradesh & Rajasthan,57,34541,140,352
Uttar Pradesh and Uttarakhand,41,19424,4,0
Uttarakhand,46,86902,257,182
West Bengal,249,169376,58,11
Grand_Total,9096,17546911,55346,22752
