product,region,fy2025_26_tmt,fy2026_27_tmt,growth_pct
MS,TOTAL,6449,,8.2
MS,EAST,393,430,9.3
MS,NORTH,1184,1288,8.8
MS,SOUTH,1072,1177,9.8
MS,WEST,895,941,5.1
HSD,TOTAL,6573,7020,6.8
HSD,EAST,782,837,7.1
HSD,NORTH,2002,2117,5.7
HSD,SOUTH,2040,2182,7.0
HSD,WEST,1749,1884,7.7
LPG,TOTAL,2790,2338,-16.2
LPG,EAST,499,417,-16.5
LPG,NORTH,918,758,-17.5
LPG,SOUTH,754,651,-13.7
LPG,WEST,626,519,-17.1
ATF,TOTAL,710,725,2.1
ATF,EAST,47,41,-12.9
ATF,NORTH,264,288,9.4
ATF,SOUTH,224,214,-4.4
ATF,WEST,176,182,3.5
