company,fy2023_24,fy2024_25,fy2025_26,fy2026_27_target,apr_aug_2026_27_p
ONGC_Ltd,34551,61110,34939,30000,12103
ONGC_Videsh_Ltd_OVL,3262,5023,5387,7265,3504
Oil_India_Ltd_OIL,5390,7624,11623,8653,4510
GAIL_India_Ltd,10388,10258,8669,11518,6855
Indian_Oil_Corp_Ltd_IOCL,38660,37557,31411,32700,8823
Bharat_Petroleum_Corp_Ltd_BPCL,11002,16508,19863,25000,8859
Hindustan_Petroleum_Corp_Ltd_HPCL,13842,13630,14358,9641,2264
Mangalore_Refinery_Petrochem_Ltd_MRPL,1513,1006,1316,836,293
Chennai_Petroleum_Corp_Ltd_CPCL,561,660,694,610,171
Numaligarh_Refinery_Ltd_NRL,8585,9038,8317,7500,2339
Balmer_Lawrie_Co_Ltd_BL,47,50,59,40,17
Engineers_India_Ltd_EIL,108,72,86,60,10
TOTAL,127908,162537,136721,133823,49748
