sl_no,refinery,commissioned_year,group,installed_capacity_mmtpa_2026_04_01,crude_processed_fy2024_25,crude_processed_fy2025_26_p,crude_processed_fy2026_27_target,crude_processed_aug_2025_26_p,crude_processed_aug_2026_27_target,crude_processed_aug_2026_27_p,crude_processed_apr_aug_2025_26_p,crude_processed_apr_aug_2026_27_target,crude_processed_apr_aug_2026_27_p
1,Barauni,1964,IOCL,6.0,6.5,6.4,,0.5,0.6,0.5,2.7,3.0,2.6
2,Koyali,1965,IOCL,13.7,15.3,13.2,,0.7,1.2,1.4,4.5,5.1,7.3
3,Haldia,1975,IOCL,8.0,6.9,8.5,,0.7,0.6,0.8,3.7,3.5,3.7
4,Mathura,1982,IOCL,8.0,8.1,10.0,,0.7,0.7,0.8,4.1,4.0,3.7
5,Panipat,1998,IOCL,15.0,15.4,15.9,,1.3,1.3,0.6,6.6,6.3,5.5
6,Guwahati,1962,IOCL,1.2,1.2,1.3,,0.1,0.1,0.1,0.5,0.5,0.6
7,Digboi,1901,IOCL,0.65,0.8,0.7,,0.1,0.1,0.1,0.3,0.3,0.3
8,Bongaigaon,1979,IOCL,2.7,2.8,3.0,,0.3,0.3,0.2,1.3,1.3,1.3
9,Paradip,2016,IOCL,15.0,14.7,16.3,,1.4,1.4,1.3,7.0,6.9,6.2
,IOCL_TOTAL,,IOCL,70.3,71.6,75.5,,5.8,6.1,5.7,30.6,30.8,31.0
10,Manali,1969,CPCL,10.5,10.5,11.7,,1.1,0.0,1.0,5.1,2.0,4.9
11,CBR,1993,CPCL,0.0,0.0,0.0,,0.0,0.0,0.0,0.0,0.0,0.0
,CPCL_TOTAL,,CPCL,10.5,10.5,11.7,,1.1,0.0,1.0,5.1,2.0,4.9
12,Mumbai,1955,BPCL,12.0,15.5,16.0,,1.4,1.3,1.3,6.7,6.5,6.5
13,Kochi,1966,BPCL,15.5,17.2,17.6,,1.6,1.5,1.5,7.6,7.4,7.4
14,Bina,2011,BPCL,7.8,7.7,7.4,,0.2,0.4,0.7,2.9,3.0,3.5
,BPCL_TOTAL,,BPCL,35.3,40.4,41.0,,3.2,3.2,3.6,17.2,16.9,17.4
15,Numaligarh,1999,OIL/BPCL,3.0,3.1,3.1,,0.2,0.3,0.3,1.3,1.3,1.3
16,Tatipaka,2001,ONGC,0.07,0.07,0.007,,0.0,,0.006,0.03,,0.03
17,MRPL-Mangalore,1996,ONGC,18.0,16.8,,,1.5,1.5,1.2,6.4,6.6,7.0
,ONGC_TOTAL,,ONGC,18.1,16.8,,,1.5,1.5,1.2,6.5,6.6,7.0
18,Mumbai,1954,HPCL,10.0,10.0,,,0.9,0.8,0.9,4.2,4.1,4.3
19,Visakh,1957,HPCL,15.3,16.0,,,1.3,1.3,1.3,6.9,6.2,6.5
,HPCL_TOTAL,,HPCL,25.3,26.0,,,2.2,2.1,2.2,11.1,10.4,10.8
20,HMEL-Bathinda,2012,HMEL,13.0,11.7,,,1.1,1.1,1.1,5.2,5.5,5.6
21,HRRL-Pachpadra,2026,HRRL,0.0,0.0,,,,,,,,0.3
22,RIL-Jamnagar (DTA),1999,RIL,35.0,33.6,,,3.0,2.9,3.0,13.3,14.6,12.9
23,RIL-Jamnagar (SEZ),2008,RIL,31.2,33.7,,,2.9,2.5,3.3,14.4,12.8,15.8
24,NEL-Vadinar,2006,NEL,20.5,18.9,,,1.4,1.8,1.7,8.2,8.5,6.0
,ALL_INDIA_TOTAL_MMT,,ALL,268.6,272.0,,,22.3,21.5,23.1,113.0,109.3,113.0
