product,fy2024_25_prod,fy2024_25_cons,fy2025_26_p_prod,fy2025_26_p_cons,aug_2025_prod,aug_2025_cons,aug_2026_prod,aug_2026_cons,apr_aug_2025_26_prod,apr_aug_2025_26_cons,apr_aug_2026_27_prod,apr_aug_2026_27_cons
LPG,12.8,31.3,13.1,33.2,1.1,2.8,1.2,2.3,5.3,13.4,6.6,11.2
MS,48.3,40.0,49.8,42.6,4.3,3.5,4.1,3.8,20.5,17.8,20.2,19.0
NAPHTHA,17.9,13.2,18.4,11.7,1.4,1.1,1.5,0.8,7.9,4.9,7.5,4.2
ATF,17.8,9.0,16.4,9.2,1.4,0.7,1.1,0.7,7.1,3.7,6.0,3.7
SKO,1.0,0.4,1.0,0.5,0.1,0.0,0.1,0.0,0.5,0.2,0.4,0.2
HSD,118.2,91.4,120.8,94.7,9.7,6.6,10.1,7.0,49.9,38.9,49.4,40.8
LDO,0.6,0.8,0.7,1.0,0.1,0.1,0.0,0.0,0.3,0.4,0.2,0.3
LUBES,1.3,4.6,1.5,5.0,0.1,0.4,0.1,0.4,0.6,1.9,0.7,1.8
FO_LSHS,10.9,6.5,10.3,6.4,1.0,0.5,1.2,0.5,4.3,2.5,5.2,2.7
BITUMEN,5.3,8.3,5.4,8.7,0.2,0.4,0.3,0.4,1.9,3.2,1.4,2.2
PET_COKE,15.0,22.1,14.8,18.4,1.2,2.2,1.2,1.6,6.0,8.8,5.4,6.8
OTHERS,34.8,11.6,32.7,10.4,2.8,0.8,3.3,0.8,13.3,4.3,12.9,3.3
ALL_INDIA,283.8,239.2,284.9,241.6,23.5,19.1,24.3,18.6,117.7,100.1,116.1,96.2
