category,product,aug_2025_tmt,aug_2026_tmt,aug_2026_pct_share,aug_growth_pct,fy2025_26_tmt,fy2026_27_tmt,fy2026_27_growth_pct,fy2026_27_pct_share
Sensitive,LPG,2833,2347,12.6,-17.1,13423,11172,-16.8,11.6
Sensitive,SKO,34,40,0.2,17.2,176,177,0.4,0.2
Sensitive,Sub_Total,2867,2388,12.8,-16.7,13599,11349,-16.5,11.8
Major_Decontrolled,HSD,6577,7023,37.7,6.8,38891,40774,4.8,42.4
Major_Decontrolled,MS,3544,3836,20.6,8.2,17791,19029,7.0,19.8
Major_Decontrolled,Naphtha,1065,828,4.4,-22.3,4891,4166,-14.8,4.3
Major_Decontrolled,ATF,710,726,3.9,2.1,3698,3716,0.5,3.9
Major_Decontrolled,Bitumen,369,442,2.4,20.0,3213,2166,-32.6,2.3
Major_Decontrolled,FO_LSHS,501,525,2.8,4.9,2486,2733,9.9,2.8
Major_Decontrolled,Lubes_Greases,373,416,2.2,11.6,1921,1820,-5.2,1.9
Major_Decontrolled,LDO,80,47,0.3,-41.8,419,250,-40.3,0.3
Major_Decontrolled,Sub_Total,13219,13843,74.4,4.7,73310,74654,1.8,77.6
Other_Minor,Pet_Coke,2239,1599,8.6,-28.6,8835,6815,-22.9,7.1
Other_Minor,Others,818,777,4.2,-5.0,4329,3342,-22.8,3.5
Other_Minor,Sub_Total,3056,2376,12.8,-22.3,13164,10157,-22.8,10.6
Total,Total,19143,18606,100.0,-2.8,100073,96160,-3.9,100.0
